Date,Crude Oil,Gold,Silver,Forex,Copper,Natural Gas,SMA,ARIMA,Closing(Nifty100),Date,Opening
"Jan 02, 2018",3824,1316.1,17.12,63.46,460.3,194.4,10992.66,10927.52535,10899.3,"Jan 03, 2018",10942.45
"Jan 01, 2018",3829,1308.7,17.07,63.68,465,190.4,10948.1,10936.20228,10897.75,"Jan 02, 2018",10941.6
"Dec 29, 2017",3850,1309.3,17.06,63.84,466,189.7,10934.88,10949.70453,10985.15,"Jan 01, 2018",10990.45
"Dec 28, 2017",3820,1297.2,16.83,64.08,468.95,188.2,10923.86,10922.2938,10927.05,"Dec 29, 2017",10944.75
"Dec 27, 2017",3818,1291.4,16.62,64.12,466.25,175.9,10929.42,10911.37404,10937.85,"Dec 28, 2017",10947.5
"Dec 26, 2017",3833,1287.5,16.52,64.05,464.85,171.9,10945.97,10937.71801,10982.05,"Dec 27, 2017",10984
"Dec 22, 2017",3737,1278.35,16.37,64.02,460,170,10954.55,10952.27729,10940.65,"Dec 26, 2017",10962.85
"Dec 21, 2017",3732,1270.6,16.15,64.02,456.75,166.9,10934.79,10877.63144,10886.35,"Dec 22, 2017",10904.95
"Dec 20, 2017",3716,1269.6,16.19,64.12,454,169,10925.76,10891.2345,10881.9,"Dec 21, 2017",10911.55
"Dec 19, 2017",3698,1264.2,16.07,64.06,448.45,174.5,10917.7,10929.63877,10897.55,"Dec 20, 2017",10926.9
"Dec 18, 2017",3648,1265.5,16.12,64.21,448.25,177.3,10882.86,10758.41677,10807.85,"Dec 19, 2017",10838.8
"Dec 15, 2017",3669,1257.5,16.02,64.08,445.8,166.5,10843.46,10774.56321,10743.65,"Dec 18, 2017",10673.8
"Dec 14, 2017",3651,1257.1,15.85,64.34,439.35,172.1,10797.87,10621.57511,10658.4,"Dec 15, 2017",10755.75
"Dec 13, 2017",3656,1248.6,15.78,64.46,437.25,176.4,10742.62,10637.75174,10605.65,"Dec 14, 2017",10642
"Dec 12, 2017",3692,1241.7,15.58,64.41,434.5,175.2,10695.82,10686.79316,10663.55,"Dec 13, 2017",10660.3
"Dec 11, 2017",3720,1246.9,15.7,64.36,431.7,182.7,10684.77,10707.52656,10752.6,"Dec 12, 2017",10755.3
"Dec 08, 2017",3692,1248.4,15.8,64.48,427.8,180,10675.66,10736.24069,10698.1,"Dec 11, 2017",10745.8
"Dec 07, 2017",3657,1253.1,15.72,64.57,426.25,180,10662.9,10526.2827,10594.6,"Dec 08, 2017",10630.45
"Dec 06, 2017",3637,1266.1,15.87,64.53,426.5,188.8,10633.71,10524.88479,10459.7,"Dec 07, 2017",10478.55
"Dec 05, 2017",3724,1264.9,15.97,64.36,423.7,187.6,10609.26,10551.36526,10541.3,"Dec 06, 2017",10511.1
"Dec 04, 2017",3714,1277.7,16.28,64.38,442.85,192.2,10568.45,10619.09036,10548.55,"Dec 05, 2017",10539.75
"Dec 01, 2017",3762,1282.3,16.35,64.52,444.25,198.8,10537.24,10499.26637,10542.05,"Dec 04, 2017",10595.8
"Nov 30, 2017",3687,1276.7,16.38,64.49,431.4,197.1,10548.47,10706.78751,10650.75,"Dec 01, 2017",10690.1
"Nov 29, 2017",3678,1286.2,16.46,64.36,432.15,205.2,10613.41,10762.61369,10784.4,"Nov 30, 2017",10754.75
"Nov 28, 2017",3738,1299.2,16.81,64.41,436.5,203,10663.67,10730.59207,10792.6,"Nov 29, 2017",10802.5
"Nov 27, 2017",3757,1298.9,17.01,64.48,445.85,189.5,10717.2,10783.56046,10816.2,"Nov 28, 2017",10807.5
"Nov 24, 2017",3807,1291.8,16.98,64.68,452.1,182.1,10769.42,10800.76125,10803.15,"Nov 27, 2017",10777.65
"Nov 23, 2017",3798,1291.66,17.1,64.57,448.9,186.8,10791.34,10755.41785,10760.35,"Nov 24, 2017",10781.1
"Nov 22, 2017",3747,1296.8,17.1,64.88,448.3,193.8,10785.54,10757.14856,10755.4,"Nov 23, 2017",10772.4
"Nov 21, 2017",3678,1286.2,16.95,64.88,447.15,196.3,10775.82,10782.21187,10744,"Nov 22, 2017",10770.8
"Nov 20, 2017",3663,1275.3,16.96,65.1,444.35,199.4,10755.86,10716.65468,10716.4,"Nov 21, 2017",10748.45
"Nov 17, 2017",3661,1296.5,17.31,65.02,440,203,10735.49,10709.83797,10701.3,"Nov 20, 2017",10705.15
"Nov 16, 2017",3600,1278.2,17.06,65.3,439.3,200.4,10707.11,10586.61839,10618.45,"Nov 17, 2017",10734.2
"Nov 15, 2017",3621,1277.7,16.95,65.27,441.1,201,10659.01,10555.39172,10514.9,"Nov 16, 2017",10550.8
"Nov 14, 2017",3639,1282.9,17.05,65.41,442.65,203.3,10628.97,10576.34725,10593.8,"Nov 15, 2017",10577.2
"Nov 13, 2017",3720,1278.9,17.02,65.44,450.9,210.6,10612.22,10670.57703,10632.65,"Nov 14, 2017",10633.4
"Nov 10, 2017",3712,1274.2,16.87,65.19,444.4,209.3,10617.87,10755.33128,10729.55,"Nov 13, 2017",10733.1
"Nov 09, 2017",3738,1287.5,16.94,64.98,444.45,209,10638.91,10727.01854,10723.65,"Nov 10, 2017",10717.95
"Nov 08, 2017",3695,1283.7,17.05,64.92,445.1,207,10677.44,10693.67502,10707.55,"Nov 09, 2017",10767.4
"Nov 07, 2017",3734,1275.8,16.91,65.06,445.3,206.7,10711.16,10709.19813,10762.4,"Nov 08, 2017",10776.25
"Nov 06, 2017",3691,1281.6,17.2,64.63,450.95,202,10760.26,10868.93812,10878.15,"Nov 07, 2017",10908.6
"Nov 03, 2017",3579,1269.2,16.82,64.56,445.8,194.2,10787.64,10846.18612,10866.45,"Nov 06, 2017",10853.9
"Nov 02, 2017",3520,1278.1,17.09,64.58,447.95,190.3,10810.79,10807.63365,10839.4,"Nov 03, 2017",10878
"Nov 01, 2017",3500,1277.3,17.13,64.57,447.55,187.1,10838.86,10822.47456,10847.9,"Nov 02, 2017",10850.75
"Oct 31, 2017",3528,1270.5,16.65,64.75,444.7,187.8,10834.55,10827.51755,10740.85,"Nov 01, 2017",10799.75
"Oct 30, 2017",3513,1277.7,16.8,64.86,446.1,193.7,10812.49,10731.22431,10767.85,"Oct 31, 2017",10774.45
"Oct 27, 2017",3501,1271.8,16.86,65.04,445.8,194.2,10782,10705.12147,10714,"Oct 30, 2017",10747.95
"Oct 26, 2017",3428,1269.6,16.81,64.84,456.95,188.1,10758.21,10655.74127,10720.45,"Oct 27, 2017",10741.8
"Oct 25, 2017",3384,1279,17,64.93,456.35,190.4,10723.03,10672.14294,10672,"Oct 26, 2017",10672
"Oct 24, 2017",3431,1278.3,16.91,65.09,461.05,194.5,10689.81,10684.82001,10574.75,"Oct 25, 2017",10688.95
"Oct 23, 2017",3383,1280.9,17.02,65.02,457.9,194.2,10647.83,10553.70303,10557.95,"Oct 24, 2017",10593.25
"Oct 19, 2017",3365.5,1285.25,17.07,65.02,453.5,186,10608.49,10548.56641,10517.3,"Oct 23, 2017",10545.2
"Oct 18, 2017",3385,1283,17.02,65.06,456.75,186.6,10580.87,10562.78714,10582.35,"Oct 19, 2017",10585.95
"Oct 17, 2017",3353,1286.2,16.99,65.03,459,192.9,10567.63,10617.7593,10605.8,"Oct 18, 2017",10585.35
"Oct 16, 2017",3363,1303,17.32,64.7,463.65,190.8,10571.71,10575.73412,10595.15,"Oct 17, 2017",10593.1
"Oct 13, 2017",3310,1304.6,17.4,64.7,447.95,195.2,10567.04,10439.35684,10534.6,"Oct 16, 2017",10575.45
"Oct 12, 2017",3296,1296.5,17.21,65.06,449.5,195.7,10557.44,10442.91906,10469.3,"Oct 13, 2017",10500.5
"Oct 11, 2017",3347,1288.9,17.08,65.16,447,190.6,10511.75,10366.69377,10353.9,"Oct 12, 2017",10381.85
"Oct 10, 2017",3331,1293.8,17.16,65.25,443.05,189,10468.99,10404.33772,10392,"Oct 11, 2017",10421.65
"Oct 09, 2017",3256,1285,16.92,65.36,439.4,186.2,10421.55,10454.44261,10357.95,"Oct 10, 2017",10386.3
"Oct 06, 2017",3240,1274.9,16.79,65.4,438.9,188.3,10384.16,10302.65033,10347.65,"Oct 09, 2017",10360.3
"Oct 05, 2017",3313,1273.2,16.58,65.15,439.6,192.6,10341.41,10238.07094,10255.55,"Oct 06, 2017",10277.85
"Oct 04, 2017",3266,1276.8,16.56,65.03,426.7,192.1,10325.44,10214.56672,10274.05,"Oct 05, 2017",10289
"Oct 03, 2017",3311,1274.6,16.58,65.49,429.9,190.7,10291.39,10235.28584,10221.75,"Oct 04, 2017",10247.15
"Sep 29, 2017",3373,1280.3,16.61,65.31,427.95,198.4,10248.58,10252.32618,10143.9,"Oct 03, 2017",10252.9
"Sep 28, 2017",3373,1288.7,16.77,65.47,431.75,198.3,10200.63,10173.04157,10107.9,"Sep 29, 2017",10154.8
"Sep 27, 2017",3416,1287.8,16.75,65.72,425.95,201.8,10164.33,10124.02111,10074.05,"Sep 28, 2017",10080.6
"Sep 26, 2017",3402,1301.7,16.8,65.46,423.55,190,10154.02,10229.9295,10222.5,"Sep 27, 2017",10274.7
"Sep 25, 2017",3406,1311.5,17.06,65.13,425.15,190.8,10153.61,10245.87607,10219.7,"Sep 26, 2017",10222.85
"Sep 22, 2017",3287,1297.5,16.93,64.8,423.55,192.6,10189.02,10172.23174,10320.95,"Sep 25, 2017",10319.45
"Sep 21, 2017",3295,1294.8,16.94,64.81,422.75,192.2,10267.82,10497.45478,10501.9,"Sep 22, 2017",10472.35
"Sep 20, 2017",3286,1316.4,17.25,64.29,424.15,200.3,10358.98,10540.8233,10529.85,"Sep 21, 2017",10529.95
"Sep 19, 2017",3171,1310.6,17.2,64.3,423.85,201.5,10422.5,10528.66846,10540.1,"Sep 20, 2017",10556
"Sep 18, 2017",3208,1310.8,17.07,64.16,422.7,202.5,10486.66,10513.28959,10540.5,"Sep 19, 2017",10563.35
"Sep 15, 2017",3191,1325.2,17.61,64.11,420.1,193.9,10517.48,10507.16386,10475.05,"Sep 18, 2017",10526.6
"Sep 14, 2017",3215,1329.3,17.7,64.12,421.4,197.3,10513.14,10444.58512,10480.2,"Sep 15, 2017",10454.9
"Sep 13, 2017",3162,1328,17.77,64.01,424.2,197.1,10500.79,10488.62741,10468.1,"Sep 14, 2017",10499.5
"Sep 12, 2017",3092,1332.7,17.8,64.03,430.85,192.9,10489.94,10404.74584,10485.85,"Sep 13, 2017",10494.85
"Sep 11, 2017",3073,1335.7,17.81,63.94,435.15,189.1,10460.8,10411.62002,10394.8,"Sep 12, 2017",10447.35
"Sep 08, 2017",3045,1351.2,17.98,63.79,431.1,185.6,10429.81,10399.47161,10320.1,"Sep 11, 2017",10361.45
"Sep 07, 2017",3143,1350.3,18.02,64.02,446.05,191.4,10399.34,10308.06158,10327.85,"Sep 08, 2017",10358.3
"Sep 06, 2017",3155,1339,17.82,64.06,447.75,193,10366.49,10303.28885,10303.85,"Sep 07, 2017",10339.15
"Sep 05, 2017",3122,1344.5,17.85,64.11,445,191.4,10335.93,10333.48832,10333.05,"Sep 06, 2017",10278.35
"Sep 04, 2017",3049,1338.08,17.91,64.04,448.25,193.2,10314.9,10318.61164,10289.65,"Sep 05, 2017",10314
"Sep 01, 2017",3021,1335.81,17.83,64.03,441.95,196.9,10321.36,10343.34961,10352.4,"Sep 04, 2017",10361.8
"Aug 31, 2017",3038,1322.2,17.48,63.94,434.5,194.8,10313.1,10242.93407,10286.55,"Sep 01, 2017",10310.5
"Aug 30, 2017",2957,1314.1,17.4,63.99,432.55,188.9,10303.94,10212.38561,10258.05,"Aug 31, 2017",10279.75
"Aug 29, 2017",2962,1318.9,17.43,64.02,434,190.8,10268.63,10206.58556,10156.5,"Aug 30, 2017",10223.7
"Aug 28, 2017",2970,1315.3,17.44,63.91,431,186.2,10265.89,10287.88898,10275.95,"Aug 29, 2017",10251.2
"Aug 24, 2017",3050,1294.95,17.01,64.03,428.55,189.2,10237.73,10238.85578,10211.6,"Aug 28, 2017",10260.25
"Aug 23, 2017",3107,1294.7,17.05,64.05,421.55,187.8,10219.18,10194.81824,10193.8,"Aug 24, 2017",10223.45
"Aug 22, 2017",3072,1291,16.98,64.07,422.05,188.7,10186.88,10095.21158,10096.55,"Aug 23, 2017",10138.5
"Aug 21, 2017",3038,1296.7,17.02,64.11,421.9,190.3,10174.61,10096.31398,10095.15,"Aug 22, 2017",10157
"Aug 18, 2017",3104,1291.6,16.95,64.1,415.35,186,10158.06,10192.68623,10193.2,"Aug 21, 2017",10221.65
"Aug 17, 2017",3021,1292.4,17.03,64.17,415.65,188.2,10166.74,10254.66996,10255,"Aug 18, 2017",10212.6
"Aug 16, 2017",3008,1282.9,16.92,64.17,419,186.2,10177.97,10245.16924,10249.95,"Aug 17, 2017",10298.85
"Aug 14, 2017",3070,1285.05,16.9,64.11,411.05,189.3,10187.5,10126.26873,10144.2,"Aug 16, 2017",10180
"Aug 11, 2017",3127,1294,17.06,64.14,412.25,191.7,10175.9,10069.71966,10037.15,"Aug 14, 2017",10089.2
"Aug 10, 2017",3128,1290.1,17.04,64.1,411.5,191.9,10164.03,10109.84004,10133.85,"Aug 11, 2017",10017.7
"Aug 09, 2017",3157,1279.3,16.83,63.86,413.6,185.4,10163.94,10268.70233,10254.55,"Aug 10, 2017",10215.65
"Aug 08, 2017",3139,1262.6,16.36,63.69,414.05,180.1,10182.89,10393.48613,10344.7,"Aug 09, 2017",10325.75
"Aug 07, 2017",3144,1264.7,16.22,63.84,410.55,179.4,10240.88,10420.41828,10434.15,"Aug 08, 2017",10447.25
"Aug 04, 2017",3149,1264.6,16.22,63.68,406.7,178.1,10317.42,10380.05039,10419.85,"Aug 07, 2017",10431.15
"Aug 03, 2017",3143,1274.4,16.63,63.71,405.6,179.4,10361.54,10359.24264,10354.45,"Aug 04, 2017",10348.2
"Aug 02, 2017",3147,1278.4,16.73,63.64,405.65,180.2,10392.69,10410.25255,10410.3,"Aug 03, 2017",10411.9
"Aug 01, 2017",3135,1279.4,16.73,64.1,407.9,181.2,10413.28,10403.31791,10447.65,"Aug 02, 2017",10470.25
"Jul 31, 2017",3183,1273.4,16.75,64.2,410.65,180,10410.01,10424.76011,10417.8,"Aug 01, 2017",10442.65
"Jul 28, 2017",3192,1275.3,16.72,64.12,408.9,189.5,10396.78,10349.28865,10353.7,"Jul 31, 2017",10376.75
"Jul 27, 2017",3161,1266.5,16.53,64.13,408,191.4,10395.63,10351.27868,10348.7,"Jul 28, 2017",10323.4
"Jul 26, 2017",3132,1255.6,16.42,64.36,408.1,187.8,10385.1,10396.85465,10357.65,"Jul 27, 2017",10398.65
"Jul 25, 2017",3090,1258.5,16.5,64.39,406,189.6,10357.03,10303.30925,10307.3,"Jul 26, 2017",10326.65
"Jul 24, 2017",2997,1254.3,16.4,64.4,390.6,186.6,10334.36,10310.81028,10304.45,"Jul 25, 2017",10346.25
"Jul 21, 2017",2965,1254.9,16.46,64.39,389,193.4,10315.24,10249.52698,10258.1,"Jul 24, 2017",10277.95
"Jul 20, 2017",3037,1245.5,16.3,64.38,387.25,196.7,10288.98,10224.56022,10217.4,"Jul 21, 2017",10243.6
"Jul 19, 2017",3028,1242,16.25,64.27,386.25,197.5,10266.79,10245.74326,10246.7,"Jul 20, 2017",10265.6
"Jul 18, 2017",2973,1241.9,16.22,64.32,389,198.1,10237.76,10183.4185,10162.15,"Jul 19, 2017",10193.45
"Jul 17, 2017",2968,1233.7,16.05,64.35,389.3,194,10226.83,10228.45222,10249.8,"Jul 18, 2017",10173.9
"Jul 14, 2017",2990,1227.5,15.95,64.42,383.65,192.3,10219.55,10226.54639,10221.7,"Jul 17, 2017",10242.25
"Jul 13, 2017",2964,1217.3,15.64,64.46,380.85,192.2,10221.25,10175.9376,10225.9,"Jul 14, 2017",10246.95
"Jul 12, 2017",2949,1219.1,15.84,64.48,383.25,192.5,10201.23,10191.7953,10146.6,"Jul 13, 2017",10188
"Jul 11, 2017",2912,1214.7,15.7,64.57,382.6,196.8,10190,10048.40947,10106,"Jul 12, 2017",10127.75
"Jul 10, 2017",2876,1213.2,15.58,64.48,379.25,189.4,10160.71,10076.75602,10103.35,"Jul 11, 2017",10129.5
"Jul 07, 2017",2863,1209.7,15.48,64.63,380.1,185.2,10115.92,10001.68606,9997.75,"Jul 10, 2017",10049.1
"Jul 06, 2017",2947,1223.3,15.93,64.73,382.3,186.5,10071.79,9997.422901,10005.25,"Jul 07, 2017",10001.4
"Jul 05, 2017",2938,1221.7,15.84,64.8,382.35,184.3,10035.76,10054.52555,9966.45,"Jul 06, 2017",9985.7
"Jul 04, 2017",3068,1227.55,16.13,64.79,385.75,194.5,10001.18,9880.516189,9933.1,"Jul 05, 2017",9940.4
"Jul 03, 2017",3043,1219.2,16.04,64.85,387.75,193.3,9967.89,9935.993468,9936.9,"Jul 04, 2017",9969.25
"Jun 30, 2017",2968,1242.3,16.58,64.62,385.25,193.8,9935.42,9833.938154,9835.4,"Jul 03, 2017",9898.9
"Jun 29, 2017",2918,1245.8,16.59,64.66,383.85,198.8,9896.18,9796.463532,9809.05,"Jun 30, 2017",9783.65
"Jun 28, 2017",2892,1249.1,16.72,64.53,378.8,199.8,9862.3,9864.588657,9797.05,"Jun 29, 2017",9829.75
"Jun 27, 2017",2860,1246.9,16.65,64.48,376.65,195.9,9837.76,9891.7666,9810.4,"Jun 28, 2017",9816.75
"Jun 23, 2017",2789,1251.4,16.62,64.47,373.8,189,9825.76,9876.89854,9876.9,"Jun 27, 2017",9896.55
"Jun 22, 2017",2776,1249.4,16.49,64.61,370.6,187.4,9847.62,9966.102821,9944.7,"Jun 23, 2017",9959
"Jun 21, 2017",2741,1245.8,16.36,64.53,370.2,186.5,9877.6,9933.655447,9958.95,"Jun 22, 2017",9968.85
"Jun 20, 2017",2813,1243.5,16.4,64.54,365.2,188.1,9913.41,9898.626592,9976.1,"Jun 21, 2017",9971.5
"Jun 19, 2017",2861,1246.7,16.48,64.5,368.9,187.8,9946.84,9928.588329,9977.55,"Jun 20, 2017",9992.7
"Jun 16, 2017",2879,1256.5,16.64,64.47,365.45,195.9,9953.7,9922.091543,9911.2,"Jun 19, 2017",9950.15
"Jun 15, 2017",2877,1254.6,16.69,64.57,367.05,197.6,9944.39,9915.091505,9898.15,"Jun 16, 2017",9916.85
"Jun 14, 2017",2873,1275.9,17.11,64.24,363.9,188.8,9939.59,9943.609451,9934.95,"Jun 15, 2017",9934.15
"Jun 13, 2017",2985,1268.6,16.74,64.35,369.65,192,9930.31,9943.609451,9929.7,"Jun 14, 2017",9945.45
"Jun 12, 2017",2988,1268.9,16.91,64.48,372.95,195.3,9922.08,9957.645246,9936.4,"Jun 13, 2017",9939.5
"Jun 09, 2017",2959,1271.4,17.17,64.25,377.15,196.1,9936.73,9970.03171,9984.45,"Jun 12, 2017",9965.8
"Jun 08, 2017",2945,1279.5,17.38,64.25,370.85,196.2,9949.16,9959.643071,9960.3,"Jun 09, 2017",9954.55
"Jun 07, 2017",2966,1293.2,17.59,64.44,363.85,196.4,9956.15,9947.072852,9969.9,"Jun 08, 2017",9990.9
"Jun 06, 2017",3090,1297.5,17.68,64.43,363.25,196.6,9957.67,9953.95712,9937.3,"Jun 07, 2017",9966.05
"Jun 05, 2017",3052,1282.7,17.55,64.35,364.85,193.2,9966.73,9941.357427,9981.7,"Jun 06, 2017",10008.4
"Jun 02, 2017",3081,1280.2,17.53,64.42,367.05,193.7,9960.04,9951.641616,9951,"Jun 05, 2017",9959.3
"Jun 01, 2017",3159,1270.1,17.24,64.48,368.75,194.3,9949.8,9904.671043,9909.1,"Jun 02, 2017",9951.2
"May 31, 2017",3127,1275.4,17.37,64.51,368.75,198.6,9937.74,9917.801394,9909.6,"Jun 01, 2017",9895.9
"May 30, 2017",3203,1265.7,17.39,64.64,367.15,204.1,9931.5,9942.02852,9906.1,"May 31, 2017",9922.95
"May 29, 2017",3259,1266.69,17.39,64.54,367.6,206.7,9910.72,9848.0035,9877.8,"May 30, 2017",9860.4
"May 26, 2017",3213,1269.81,17.28,64.51,367.4,214.2,9897.37,9917.042169,9884.25,"May 29, 2017",9856.75
"May 25, 2017",3178,1259.8,17.15,64.56,371.7,204.2,9870.78,9730.520882,9776.15,"May 26, 2017",9777.5
"May 24, 2017",3329,1256.5,17.08,64.77,371.5,208.6,9815.1,9664.381655,9631.2,"May 25, 2017",9657.9
"May 23, 2017",3341,1258.9,17.09,64.9,373.6,210,9769.18,9685.951794,9676.5,"May 24, 2017",9700.7
"May 22, 2017",3310,1264.8,17.19,64.51,371.5,214.5,9742.11,9764.929161,9742.45,"May 23, 2017",9750.7
"May 19, 2017",3265,1253.6,16.87,64.57,369.55,210.6,9714.57,9727.211471,9746.55,"May 22, 2017",9802.95
"May 18, 2017",3203,1252.8,16.62,64.88,364.55,207.8,9710.74,9822.711444,9757,"May 19, 2017",9801
"May 17, 2017",3156,1258.7,16.85,64.13,363.15,204.7,9759.19,9822.969174,9873.45,"May 18, 2017",9799.05
"May 16, 2017",3123,1236.4,16.69,64.05,362.45,206.3,9797.93,9851.82875,9870.2,"May 17, 2017",9874.15
"May 15, 2017",3149,1230,16.56,64.07,361.55,215,9811.97,9811.488785,9812.65,"May 16, 2017",9831.05
"May 12, 2017",3066,1227.7,16.4,64.24,359.8,219.7,9814.79,9757.130081,9760.65,"May 15, 2017",9795.35
"May 11, 2017",3089,1224.2,16.21,64.41,358.85,217.8,9820.73,9744.648573,9786.7,"May 12, 2017",9799.25
"May 10, 2017",3083,1218.9,16.15,64.62,358,213.4,9800.25,9744.648573,9771.05,"May 11, 2017",9812.2
"May 09, 2017",2969,1216.1,16.01,64.68,359.1,209.7,9760.62,9745.887432,9672.05,"May 10, 2017",9698.65
"May 08, 2017",2980,1227.1,16.2,64.36,356.65,204.2,9729.51,9664.430672,9657.1,"May 09, 2017",9680.6
"May 05, 2017",2969,1226.9,16.35,64.32,361.45,210.2,9702.45,9669.74233,9625.35,"May 08, 2017",9653.15
"May 04, 2017",2931,1228.6,16.24,64.22,358.55,204.3,9687.59,9689.750777,9712.4,"May 05, 2017",9724.8
"May 03, 2017",3067,1248.5,16.49,64.17,362.25,207.3,9666.66,9654.756627,9666.4,"May 04, 2017",9712.55
"May 02, 2017",3087,1257,16.77,64.17,376.1,204.6,9666.04,9651.519594,9668.95,"May 03, 2017",9702.6
"Apr 28, 2017",3158,1261.9,17.24,64.27,367.45,212.1,9665.11,9633.209215,9652.45,"May 02, 2017",9687.9
"Apr 27, 2017",3147,1265.9,17.27,64.12,365.35,208.3,9676.64,9705.483008,9683,"Apr 28, 2017",9683.05
"Apr 26, 2017",3199,1264.2,17.43,64.13,366.8,209.9,9673.96,9655.765043,9699,"Apr 27, 2017",9707.6
"Apr 25, 2017",3183,1267.2,17.58,64.33,366.3,202.8,9673.27,9639.718357,9662.95,"Apr 26, 2017",9694.4
"Apr 24, 2017",3190,1277.5,17.93,64.49,363.8,198.5,9651.9,9625.324377,9562.1,"Apr 25, 2017",9617.2
"Apr 21, 2017",3208,1289.1,17.87,64.65,363,201.2,9614.13,9465.677463,9463.6,"Apr 24, 2017",9479.9
"Apr 20, 2017",3301,1283.8,18.1,64.62,364.15,203.4,9572.49,9448.810129,9474.8,"Apr 21, 2017",9519.45
"Apr 19, 2017",3288,1283.4,18.24,64.67,361.25,207.5,9520.83,9453.533133,9440.7,"Apr 20, 2017",9451.65
"Apr 18, 2017",3399,1294.1,18.35,64.61,361.2,202.8,9474.8,9453.777897,9432.8,"Apr 19, 2017",9438.25
"Apr 17, 2017",3399,1291.9,18.49,64.48,370.15,205,9458.16,9469.001378,9478.9,"Apr 18, 2017",9502.4
"Apr 13, 2017",3420,1289.08,18.55,64.45,366.2,207.1,9463.93,9532.319574,9492.45,"Apr 17, 2017",9489.45
"Apr 12, 2017",3444,1278.1,18.28,64.69,363.75,206.7,9477.11,9529.967502,9540.7,"Apr 13, 2017",9540.45
"Apr 11, 2017",3448,1274.2,18.23,64.56,373.25,203.9,9502.42,9542.062595,9567.25,"Apr 12, 2017",9573.7
"Apr 10, 2017",3424,1253.9,17.89,64.61,372.55,209.4,9517.98,9517.834743,9510.6,"Apr 11, 2017",9511.45
"Apr 07, 2017",3359,1257.3,18.06,64.27,376.05,210,9525.09,9503.265586,9514.45,"Apr 10, 2017",9542.05
"Apr 06, 2017",3351,1253.3,18.23,64.61,380.65,214.7,9540.63,9537.426923,9570.15,"Apr 07, 2017",9534.1
"Apr 05, 2017",3332,1248.5,18.17,64.88,386.15,213.1,9546.08,9587.396874,9567.95,"Apr 06, 2017",9549.15
"Apr 03, 2017",3301,1256.2,18.3,65.03,374.65,204.2,9538.35,9497.082024,9528.6,"Apr 05, 2017",9557.2
"Mar 31, 2017",3284,1251.2,18.24,64.86,380.75,205.8,9529.65,9482.793656,9467.1,"Apr 03, 2017",9509.4
"Mar 30, 2017",3269,1248,18.19,64.86,383.8,207.2,9518.9,9489.800523,9460.7,"Mar 31, 2017",9451
"Mar 29, 2017",3211,1256.8,18.33,64.88,384.05,210.7,9490.58,9382.577851,9428.55,"Mar 30, 2017",9429.1
"Mar 28, 2017",3167,1258.8,18.23,65.05,385.15,201,9455.08,9373.091904,9390.45,"Mar 29, 2017",9417.45
"Mar 27, 2017",3112,1258.8,18.08,65,378.95,200,9415.49,9364.220178,9330.65,"Mar 28, 2017",9365.8
"Mar 24, 2017",3142,1251.7,17.82,65.43,380.75,200.3,9400.29,9394.586914,9391.1,"Mar 27, 2017",9379.5
"Mar 23, 2017",3143,1250.1,17.56,65.46,383.85,197.6,9382.53,9398.173154,9371.9,"Mar 24, 2017",9389.3
"Mar 22, 2017",3164,1252.8,17.55,65.46,381.9,198.2,9358.48,9378.105154,9308.3,"Mar 23, 2017",9333.75
"Mar 21, 2017",3168,1249.6,17.55,65.35,379.15,200.8,9360.61,9400.464199,9401.1,"Mar 22, 2017",9325.45
"Mar 20, 2017",3161,1237.2,17.4,65.35,385.35,197.5,9377.37,9438.387617,9414.45,"Mar 21, 2017",9420.65
"Mar 17, 2017",3196,1233.2,17.38,65.48,390.75,193.3,9387.68,9398.651328,9442.65,"Mar 20, 2017",9452.55
"Mar 16, 2017",3192,1230.2,17.3,65.39,387.75,192,9400.88,9388.791703,9437.9,"Mar 17, 2017",9488.75
"Mar 15, 2017",3178,1203.8,16.89,65.63,386.8,195.4,9410.59,9283.911958,9356.85,"Mar 16, 2017",9403.05
"Mar 14, 2017",3136,1201.9,16.89,65.78,385.5,194,9400.12,9333.141656,9348.75,"Mar 15, 2017",9351.65
"Mar 10, 2017",3216,1201.55,16.88,66.37,382.8,199.9,9355.95,9210.386776,9193.6,"Mar 14, 2017",9350.75
"Mar 09, 2017",3271,1202.4,16.99,66.69,381.7,196.5,9305.45,9170.507802,9190.15,"Mar 10, 2017",9216.8
"Mar 08, 2017",3425,1208.5,17.26,66.77,385.35,196.8,9255.88,9281.451808,9190.05,"Mar 09, 2017",9181.8
"Mar 07, 2017",3558,1215.1,17.49,66.63,386.8,189.3,9227.42,9217.879209,9214.55,"Mar 08, 2017",9220.15
"Mar 06, 2017",3550,1224.5,17.73,66.68,391.85,196.6,9203.72,9187.35262,9230.25,"Mar 07, 2017",9245.55
"Mar 03, 2017",3556,1225.5,17.98,66.78,398.5,187.1,9198.01,9194.713302,9165.05,"Mar 06, 2017",9185.95
"Mar 02, 2017",3537,1231.9,17.71,66.79,398.05,188.2,9193.51,9187.5652,9167.65,"Mar 03, 2017",9150.55
"Mar 01, 2017",3604,1248.9,18.44,66.87,403.95,186.1,9201.45,9219.739668,9229.75,"Mar 02, 2017",9270
"Feb 28, 2017",3566,1252.6,18.42,66.73,397.85,185,9192.73,9189.781598,9170.95,"Mar 01, 2017",9197.65
"Feb 27, 2017",3623,1257.4,18.35,66.7,395.3,179.7,9182.85,9183.104498,9180.85,"Feb 28, 2017",9186.1
"Feb 23, 2017",3624,1253.55,18.11,66.67,388.8,175.1,9193.69,9213.220062,9219.25,"Feb 27, 2017",9222.75
"Feb 22, 2017",3601,1232,18.09,66.95,403.65,174.9,9202.94,9218.156328,9213.9,"Feb 23, 2017",9241.25
"Feb 21, 2017",3668,1237.5,17.99,66.99,405.25,172.5,9198.44,9187.937514,9207.25,"Feb 22, 2017",9231.1
"Feb 20, 2017",3623,1238.2,18.04,66.91,405.05,185.4,9198.13,9146.765828,9169.4,"Feb 21, 2017",9182.3
"Feb 17, 2017",3565,1237.45,18.02,67.08,400.2,191.2,9184,9124.678419,9110.2,"Feb 20, 2017",9109.8
"Feb 16, 2017",3588,1240,18.06,67.08,402.05,192.8,9152.57,9020.008646,9062.1,"Feb 17, 2017",9162.05
"Feb 15, 2017",3551,1231.7,17.95,66.88,404.3,196.6,9107.83,9048.667146,8990.2,"Feb 16, 2017",9004.65
"Feb 14, 2017",3565,1223.9,17.87,66.84,404.3,194.6,9079.86,9059.17996,9067.4,"Feb 15, 2017",9054.75
"Feb 13, 2017",3545,1224.4,17.8,66.98,411.4,198.6,9064.58,9078.931796,9093,"Feb 14, 2017",9109.3
"Feb 10, 2017",3609,1234.4,17.91,66.85,408.15,204.1,9059.13,9082.847964,9082.95,"Feb 13, 2017",9110.45
"Feb 09, 2017",3544,1235.1,17.72,66.77,390.6,209.2,9061.42,9064.89384,9073.55,"Feb 10, 2017",9106.9
"Feb 08, 2017",3514,1237.6,17.68,67.05,394.45,211.8,9076.38,9069.932444,9065,"Feb 09, 2017",9088
"Feb 07, 2017",3500,1234.2,17.73,67.35,391.2,211.8,9074.25,9074.643957,9056.75,"Feb 08, 2017",9068.15
"Feb 06, 2017",3579,1230,17.67,67.2,393.3,205.9,9073.58,9055.847635,9089.65,"Feb 07, 2017",9097.55
"Feb 03, 2017",3614,1218.5,17.45,67.18,387.75,206.2,9061.26,8995.954588,9021.35,"Feb 06, 2017",9068.85
"Feb 02, 2017",3614,1216.7,17.4,67.21,397.75,215.4,9049.33,8941.417986,9013.9,"Feb 03, 2017",9019.05
"Feb 01, 2017",3585,1205.6,17.42,67.42,403.25,213.5,9034.02,8966.04047,8988.45,"Feb 02, 2017",8998
"Jan 31, 2017",3614,1208.6,17.51,67.52,406.1,212.8,8987.67,8979.089321,8825,"Feb 01, 2017",8837.3
"Jan 30, 2017",3581,1193.2,17.12,67.83,398,220.4,8951.74,8830.996552,8910,"Jan 31, 2017",8910.5
"Jan 27, 2017",3608,1188.1,17.26,68.11,404.4,228.9,8929.25,8942.403946,8908.9,"Jan 30, 2017",8903.05
"Jan 25, 2017",3629,1193.4,16.94,68.08,406.95,225.5,8900.06,8773.442284,8867.95,"Jan 27, 2017",8876.75
"Jan 24, 2017",3644,1210.3,17.31,68.14,407.65,225.8,8850.26,8765.59616,8739.45,"Jan 25, 2017",8764.05
"Jan 23, 2017",3616,1215,17.15,68.05,398.25,220.2,8815.58,8765.461057,8651.6,"Jan 24, 2017",8670.3
"Jan 20, 2017",3638,1204.3,17,68.08,394.75,221.8,8754.16,8658.344107,8602.9,"Jan 23, 2017",8585.55
"Jan 19, 2017",3492,1200.9,17.12,68.1,392.85,230.5,8711.97,8686.880993,8697.95,"Jan 20, 2017",8668.85
"Jan 18, 2017",3500,1211.3,17.24,68.22,393.95,225.5,8674.04,8657.674605,8678.3,"Jan 19, 2017",8680
"Jan 17, 2017",3595,1212,17.27,67.86,394.2,231.6,8656.77,8638.385953,8653.1,"Jan 18, 2017",8661.2
"Jan 16, 2017",3579,1202.85,16.83,68.1,400.05,237.8,8659.74,8657.414342,8666.45,"Jan 17, 2017",8672.6
"Jan 13, 2017",3586,1199.33,16.89,68.18,405.25,233.1,8668.5,8592.696231,8646.7,"Jan 16, 2017",8640.65
"Jan 12, 2017",3613,1198.9,16.95,68.14,401.9,231.6,8659.11,8677.918336,8651,"Jan 13, 2017",8698.9
"Jan 11, 2017",3589,1195.6,16.78,68.31,393.25,223.1,8648.08,8555.974107,8623.15,"Jan 12, 2017",8634.65
"Jan 10, 2017",3513,1184.2,16.8,68.33,395.15,224.6,8622.7,8546.1285,8526.2,"Jan 11, 2017",8565.25
"Jan 09, 2017",3574,1183.5,16.63,68.1,382.95,212.7,8582.77,8541.132825,8466.8,"Jan 10, 2017",8494.3
"Jan 06, 2017",3682,1171.9,16.47,68.12,383.55,224.3,8547.97,8445.66544,8472.7,"Jan 09, 2017",8490.8
"Jan 05, 2017",3636,1179.7,16.58,67.74,380.45,218.6,8518.1,8468.581549,8501.65,"Jan 06, 2017",8512.8
"Jan 04, 2017",3621,1163.8,16.5,67.89,384.05,221.1,8475.05,8423.231802,8407.9,"Jan 05, 2017",8445.55
"Jan 03, 2017",3590,1160.4,16.36,68.26,376.6,228.9,8452.05,8394.975858,8411.2,"Jan 04, 2017",8424.45
"Jan 02, 2017",3685,1151.05,16.02,68.15,378.3,251.1,8436.54,8450.245352,8389.25,"Jan 03, 2017",8407.3
"Dec 30, 2016",3650,1150,15.94,67.96,376.8,252,8382.5,8294.916757,8382.5,"Jan 02, 2017",8409.6
"Dec 29, 2016",3665,1156.4,16.16,67.94,374.4,256.2,8339.65,8251.537179,8296.8,"Dec 30, 2016",8315.55
"Dec 28, 2016",3706,1139.4,15.99,68.23,378.25,261.8,8300.433333,8173.617928,8222,"Dec 29, 2016",8218.55
"Dec 27, 2016",3676,1137.3,15.93,67.98,379,255.1,8278.9375,8225.343049,8214.45,"Dec 28, 2016",8232.55
"Dec 26, 2016",3602,1134.55,15.83,67.76,369.9,251.3,8239.76,8253.385086,8083.05,"Dec 27, 2016",8090.35
"Dec 23, 2016",3596,1131.9,15.7,67.84,372.9,247.7,8197.91,8230.874936,8173.25,"Dec 26, 2016",8152.7
"Dec 22, 2016",3607,1128.8,15.82,67.85,376.55,240.7,8173.26,8180.504274,8173.55,"Dec 23, 2016",8169.05
"Dec 21, 2016",3577,1131.1,15.92,67.84,375.3,238.1,8182.37,8274.622173,8267.55,"Dec 22, 2016",8251
"Dec 20, 2016",3641,1131.5,16.05,67.92,377.05,225.1,8196.76,8294.485996,8286.4,"Dec 21, 2016",8311.4
"Dec 19, 2016",3532,1140.5,16.03,67.84,375.65,232.5,8243.46,8236.812621,8316.55,"Dec 20, 2016",8322.05
"Dec 16, 2016",3510,1135.3,16.15,67.86,385.2,229.9,8279.96,8358.116039,8355.75,"Dec 19, 2016",8346.6
"Dec 15, 2016",3487,1127.8,15.9,67.86,391.65,234.2,8319.3,8367.164409,8370.25,"Dec 16, 2016",8394.15
"Dec 14, 2016",3497,1161.3,17.15,67.48,389.6,238.8,8345.25,8416.858271,8397.3,"Dec 15, 2016",8341.15
"Dec 13, 2016",3590,1156.7,16.91,67.41,388.9,236.8,8376.71,8416.683863,8443.7,"Dec 14, 2016",8453.4
"Dec 12, 2016",3588,1163.5,17.12,67.43,391.3,239.8,8394.67,8414.527419,8406.35,"Dec 13, 2016",8427.85
"Dec 09, 2016",3474,1159.4,16.9,67.47,396.3,249,8423.86,8433.234178,8501.7,"Dec 12, 2016",8475.1
"Dec 08, 2016",3427,1169.8,17.03,67.55,392.5,246.8,8448.49,8451.583265,8493.4,"Dec 09, 2016",8517.35
"Dec 07, 2016",3395,1175,17.2,67.44,395.55,249.7,8437.89,8375.996026,8344.3,"Dec 08, 2016",8397.4
"Dec 06, 2016",3440,1167.6,16.74,67.74,401,247.7,8425.33,8370.051583,8380.9,"Dec 07, 2016",8408.3
"Dec 05, 2016",3536,1174,16.82,68.03,406.7,248.1,8417.06,8454.434948,8365,"Dec 06, 2016",8391
"Dec 02, 2016",3500,1175.1,16.75,68.03,396.7,233.7,8379.99,8393.228984,8316.35,"Dec 05, 2016",8319.6
"Dec 01, 2016",3527,1166.9,16.43,68.24,399.6,239.8,8366.49,8393.931815,8425.9,"Dec 02, 2016",8382.85
"Nov 30, 2016",3377,1170.8,16.41,68.6,395.8,229.6,8390.91,8442.929564,8466.4,"Dec 01, 2016",8486.6
"Nov 29, 2016",3113,1187.9,16.66,68.62,392.5,228.1,8390.64,8381.603733,8379.55,"Nov 30, 2016",8409.75
"Nov 28, 2016",3253,1190.6,16.81,68.58,400.65,230.1,8390.66,8341.605903,8365.1,"Nov 29, 2016",8372
"Nov 25, 2016",3198,1178.2,16.46,68.52,403.75,212.1,8396.2,8312.340969,8344.05,"Nov 28, 2016",8314.5
"Nov 24, 2016",3303,1185.55,16.34,68.76,402.45,208.8,8349.94,8168.130166,8194.6,"Nov 25, 2016",8237.1
"Nov 23, 2016",3318,1189.1,16.38,68.78,395.85,210.1,8307.39,8203.539623,8253.65,"Nov 24, 2016",8231.45
"Nov 22, 2016",3258,1211,16.86,68.4,383.2,204.2,8273.15,8213.809323,8208.35,"Nov 23, 2016",8260.3
"Nov 21, 2016",3315,1215.85,16.51,68.23,378.45,200.7,8225.05,8227.429919,8124.6,"Nov 22, 2016",8185.6
"Nov 18, 2016",3079,1208.5,16.85,68.19,371.1,193.6,8212.9,8284.446267,8283.3,"Nov 21, 2016",8312.65
"Nov 17, 2016",3109,1216.5,17,68.02,372.7,184.9,8230.37,8299.337965,8281.95,"Nov 18, 2016",8300.3
"Nov 16, 2016",3122,1223.4,16.91,68,370.05,187.7,8241.44,8376.023402,8309,"Nov 17, 2016",8305.5
"Nov 15, 2016",3083,1224,17.03,67.79,374.65,186.8,8258.98,8366.459007,8296.05,"Nov 16, 2016",8397.45
"Nov 11, 2016",2953,1221.2,17.36,67.57,374.65,178.8,8337.75,8362.483358,8518.45,"Nov 15, 2016",8508.35
"Nov 10, 2016",3011,1223.5,18.72,66.87,376.65,174.7,8433.8,8768.954525,8763.55,"Nov 11, 2016",8688.1
"Nov 09, 2016",3043,1272.6,18.36,66.52,360.75,180.6,8509.44,8708.394601,8660.15,"Nov 10, 2016",8789.45
"Nov 08, 2016",3009,1273.4,18.33,66.25,348.8,177.9,8604.22,8769.627212,8782.9,"Nov 09, 2016",8288.9
"Nov 07, 2016",2967,1278.3,18.12,66.75,341.15,187.9,8692.61,8695.255328,8738,"Nov 08, 2016",8779.85
"Nov 04, 2016",2940,1303.3,18.34,66.8,334.5,186.2,8723.69,8676.218333,8673.85,"Nov 07, 2016",8778.5
"Nov 03, 2016",2976,1302.1,18.38,66.67,331.9,186.5,8718.21,8822.287657,8736.15,"Nov 04, 2016",8755
"Nov 02, 2016",3025,1306.8,18.66,66.76,328.35,188.9,8742.4,8784.622431,8781.1,"Nov 03, 2016",8767.15
"Nov 01, 2016",3105,1286.4,18.39,66.7,329.35,196.6,8766.7,8903.47377,8904.4,"Nov 02, 2016",8819.25
"Oct 30, 2016",3262,1271.5,17.84,66.69,324.8,207.9,8799.21,8899.171413,8900.55,"Nov 01, 2016",8928.25
"Oct 28, 2016",3283,1275.5,17.76,66.78,324.95,207.6,8845.65,8818.694729,8906.05,"Oct 30, 2016",8946.4
"Oct 27, 2016",3344,1267.9,17.6,66.88,321.05,204.1,8871.65,8909.01782,8866.15,"Oct 28, 2016",8879.25
"Oct 26, 2016",3297,1264.8,17.59,66.86,318.35,176.7,8892.06,8877.567974,8883.15,"Oct 27, 2016",8873.5
"Oct 25, 2016",3354,1271.9,17.74,66.81,317.25,186.7,8903.87,8964.927337,8963.45,"Oct 26, 2016",8931.3
"Oct 24, 2016",3355,1262,17.85,66.85,311.2,191.3,8919.18,8982.311887,8977.1,"Oct 25, 2016",8989.25
"Oct 21, 2016",3402,1267.05,17.74,66.93,310.95,201.5,8931.48,8923.574982,8967.55,"Oct 24, 2016",8985.8
"Oct 20, 2016",3399,1265.6,17.5,66.83,311.4,210,8952.31,8953.981017,8970.3,"Oct 21, 2016",8981.3
"Oct 19, 2016",3449,1267.9,17.62,66.65,312.05,210.5,8962.46,8927.513154,8933.9,"Oct 20, 2016",8969.8
"Oct 18, 2016",3340,1260.8,17.59,66.73,312.5,217.7,8958.89,8858.484982,8945.6,"Oct 19, 2016",8968.55
"Oct 17, 2016",3323,1254.4,17.43,66.79,313.35,216.4,8920.36,8878.970527,8784.45,"Oct 18, 2016",8821.05
"Oct 14, 2016",3339,1253.1,17.39,66.72,313.05,218.3,8896.31,8862.60032,8847.3,"Oct 17, 2016",8875.75
"Oct 13, 2016",3365,1255,17.41,66.79,315.8,223.7,8868.71,8914.695595,8832.3,"Oct 14, 2016",8854.75
"Oct 10, 2016",3417,1257.5,17.61,66.49,325,217.6,8876.32,8992.354508,8971.95,"Oct 13, 2016",8937.65
"Oct 07, 2016",3323,1248.9,17.32,66.6,321.55,212.4,8880.26,8978.781391,8965.3,"Oct 10, 2016",9004.35
"Oct 06, 2016",3368,1249.8,17.29,66.7,320.15,203.9,8919.22,8938.877813,8979.25,"Oct 07, 2016",8995.2
"Oct 05, 2016",3321,1265.2,17.63,66.57,322,201.5,8951.76,8934.090694,9010,"Oct 06, 2016",9036.7
"Oct 04, 2016",3265,1266.3,17.71,66.61,322.2,195.1,8991.14,9068.764685,9029.2,"Oct 05, 2016",9066.25
"Oct 03, 2016",3246,1309,18.8,66.55,324.75,194.6,8995.26,8929.908725,8992.55,"Oct 04, 2016",9025.5
"Sep 30, 2016",3212,1313.3,19.14,66.56,328.55,194,8971.04,8872.987699,8844.2,"Oct 03, 2016",8900
"Sep 29, 2016",3204,1321.7,19.12,66.81,326,199.2,8935.18,8834.798231,8799.95,"Sep 30, 2016",8789.8
"Sep 28, 2016",3061,1326.95,19.04,66.35,324.45,198.3,8929.94,8943.240661,8983.8,"Sep 29, 2016",9032.15
"Sep 27, 2016",2975,1325.9,19.09,66.43,322.45,199.3,8912.2,8920.882369,8940.5,"Sep 28, 2016",8947.55
"Sep 26, 2016",3083,1339.7,19.52,66.61,326.7,199.8,8904.97,8985.581829,8956.4,"Sep 27, 2016",8983.65
"Sep 23, 2016",2978,1341.55,19.73,66.71,327.8,196.2,8947.08,9038.293225,9054.75,"Sep 26, 2016",9034.05
"Sep 22, 2016",3101,1340.4,20.02,66.63,326.75,200.6,9003.87,9077.233966,9083.9,"Sep 23, 2016",9098.25
"Sep 21, 2016",3046,1326.9,19.94,66.74,322.7,204,9004.6,9001.008611,8987.45,"Sep 22, 2016",9083.65
"Sep 20, 2016",2956,1319.25,19.2,66.99,324.35,203.6,9013.96,8982.340151,8987.3,"Sep 21, 2016",9002.95
"Sep 19, 2016",2898,1317.15,19.21,66.98,322.8,195.5,9025.69,9015.232659,9015.05,"Sep 20, 2016",9023.45
"Sep 16, 2016",2885,1305.8,18.78,67.08,324.05,198,9011.99,8988.903185,8986.25,"Sep 19, 2016",8997.9
"Sep 15, 2016",2948,1313.5,18.96,66.86,323.3,195.9,8985.33,8944.63455,8950.6,"Sep 16, 2016",8991.95
"Sep 14, 2016",2938,1321.5,18.98,66.8,322.55,193.5,8976.55,8951.639455,8943.55,"Sep 15, 2016",8961.2
"Sep 12, 2016",3088,1321,18.92,66.74,314.35,194.7,8962.88,9071.271573,8918.95,"Sep 14, 2016",8920.95
"Sep 09, 2016",3080,1330.1,19.28,66.9,313.65,188.3,8978.02,9095.595838,9090.75,"Sep 12, 2016",8954.4
"Sep 08, 2016",3164,1336.8,19.59,66.63,314,186.1,9016.35,9174.231362,9177.9,"Sep 09, 2016",9163.75
"Sep 07, 2016",3020,1344.3,19.76,66.48,312.5,178.4,9054.74,9090.695339,9142.55,"Sep 08, 2016",9144.15
"Sep 06, 2016",2964,1349.4,20.05,66.28,311.05,180.6,9098.12,9058.805888,9160.45,"Sep 07, 2016",9187.05
"Sep 02, 2016",2975,1322.1,19.28,66.8,310.7,187.2,9118.78,9001.184918,9022.25,"Sep 06, 2016",9065.95
"Sep 01, 2016",2909,1312.2,18.86,66.8,312.1,187.3,9098.19,8985.42949,8987.8,"Sep 02, 2016",9008.1
"Aug 31, 2016",3003,1306.9,18.62,66.97,305.6,194.4,9062.71,8932.879862,9000.5,"Sep 01, 2016",9009.3
"Aug 30, 2016",3125,1311.7,18.58,67.14,307.05,190.7,9026.71,8940.553596,8962.55,"Aug 31, 2016",8975.35
"Aug 29, 2016",3173,1322.9,19.1,67.11,308.35,193.8,8961.65,8948.202134,8835.15,"Aug 30, 2016",8874.2
"Aug 26, 2016",3194,1321.5,18.65,67.14,307.95,194.1,8917.98,8834.452373,8803.9,"Aug 29, 2016",8814.65
"Aug 25, 2016",3158,1320.1,18.48,67.02,307.75,191,8883.76,8834.07999,8816.7,"Aug 26, 2016",8840.35
"Aug 24, 2016",3148,1324.4,18.55,67.17,308.65,188.2,8858.57,8856.118653,8874.55,"Aug 25, 2016",8894.25
"Aug 23, 2016",3239,1340.6,18.91,67.12,313.8,184.1,8835.37,8847.482073,8846.55,"Aug 24, 2016",8862.75
"Aug 22, 2016",3212,1337.7,18.84,67.2,318.4,179.4,8838.73,8821.51691,8851.95,"Aug 23, 2016",8850.9
"Aug 19, 2016",3230,1340.4,19.3,67.14,322.15,175,8856.55,8886.045865,8893,"Aug 22, 2016",8893.45
"Aug 18, 2016",3222,1351.2,19.72,66.83,320.65,180.2,8872.18,8879.370362,8894.85,"Aug 19, 2016",8916.9
"Aug 17, 2016",3114,1342.7,19.63,66.89,319,176.1,8866.64,8863.632945,8846.85,"Aug 18, 2016",8871.45
"Aug 16, 2016",3104,1350.5,19.85,66.87,321.2,174.7,8867.94,8845.761579,8853.05,"Aug 17, 2016",8851.85
"Aug 12, 2016",2971,1335.8,19.67,66.91,317.1,173.7,8871.85,8884.439249,8871.5,"Aug 16, 2016",8873.9
"Aug 11, 2016",2912,1342.5,20.33,66.75,323.7,170.2,8851.19,8800.174317,8789.7,"Aug 12, 2016",8802.85
"Aug 10, 2016",2812,1344.3,20.13,66.77,321.65,172,8826.5,8786.180671,8771.4,"Aug 11, 2016",8770
"Aug 09, 2016",2862,1339,20.21,66.77,318.15,176.1,8833.86,8862.762453,8883.65,"Aug 10, 2016",8892.5
"Aug 08, 2016",2891,1333.4,19.77,66.81,320.65,184.4,8847.45,8941.737057,8921,"Aug 09, 2016",8937.55
"Aug 05, 2016",2786,1336.4,19.78,66.84,319.75,186.1,8849.53,8856.795502,8881.9,"Aug 08, 2016",8914.25
"Aug 04, 2016",2810,1358.8,20.41,66.84,322.25,191,8839.96,8773.723982,8741.85,"Aug 05, 2016",8792.15
"Aug 03, 2016",2740,1356.1,20.44,66.77,325.5,191.6,8831.27,8735.240019,8727.95,"Aug 04, 2016",8785.25
"Aug 02, 2016",2640,1364.4,20.67,66.68,326.65,183.9,8818.53,8809.484929,8819.95,"Aug 03, 2016",8834.65
"Aug 01, 2016",2681,1351.4,20.47,66.76,325.7,186.8,8802.62,8859.292256,8841.45,"Aug 02, 2016",8855.25
"Jul 29, 2016",2782,1349,20.31,66.66,329.7,192.9,8794.04,8792.458816,8839,"Aug 01, 2016",8859.25
"Jul 28, 2016",2772,1332.3,20.16,67.01,329.25,194.2,8817.77,8853.572384,8860.5,"Jul 29, 2016",8865.15
"Jul 27, 2016",2831,1326.6,20.28,67.07,326.1,180.8,8834.53,8779.902316,8811.75,"Jul 28, 2016",8831.85
"Jul 26, 2016",2903,1320.7,19.66,67.32,332.95,183.2,8826.84,8766.428606,8781.5,"Jul 27, 2016",8794.15
"Jul 25, 2016",2927,1319.3,19.62,67.41,333.8,185.3,8822.86,8810.91368,8821.55,"Jul 26, 2016",8822.3
"Jul 22, 2016",2961,1323.1,19.66,67.15,333.55,187.3,8800.12,8789.783013,8725.3,"Jul 25, 2016",8711.3
"Jul 21, 2016",3038,1330.5,19.78,67.15,337.5,180.2,8764.19,8695.974683,8680.85,"Jul 22, 2016",8692.8
"Jul 20, 2016",3101,1318.8,19.58,67.16,336.4,179.2,8747.26,8692.504762,8727.1,"Jul 21, 2016",8749.75
"Jul 19, 2016",3005,1331.5,19.98,67.2,338,183.5,8727.83,8678.608966,8684.35,"Jul 20, 2016",8675.45
"Jul 18, 2016",3041,1328.4,20.04,67.14,334.45,184.4,8696.03,8682.538292,8662.55,"Jul 19, 2016",8669.4
"Jul 15, 2016",3081,1326.5,20.13,67.14,334,184.7,8690.99,8705.323298,8700.1,"Jul 18, 2016",8723.75
"Jul 14, 2016",3046,1331.3,20.28,66.84,333.5,183.2,8698.16,8678.674637,8716.7,"Jul 15, 2016",8722.95
"Jul 13, 2016",3007,1342.4,20.37,67.02,334.3,184.1,8687.08,8666.725359,8671.7,"Jul 14, 2016",8670.6
"Jul 12, 2016",3142,1334.1,20.13,66.98,330.3,184,8685.94,8593.005218,8678.65,"Jul 13, 2016",8698.6
"Jul 11, 2016",3019,1355,20.26,67.14,321.45,182.1,8677.87,8607.179866,8622.2,"Jul 12, 2016",8656.65
"Jul 08, 2016",3059,1356.6,20.06,67.14,317.8,188.3,8633.06,8619.71492,8476.05,"Jul 11, 2016",8565.95
"Jul 07, 2016",3063,1360.1,19.8,67.5,319.05,187.2,8586.84,8477.000085,8485.6,"Jul 08, 2016",8499
"Jul 05, 2016",3145,1356.4,19.87,67.43,328.3,188,8549.6,8504.205691,8485.5,"Jul 07, 2016",8492.2
"Jul 04, 2016",3277,1352,20.49,67.27,332.6,195.9,8517.19,8469.337666,8516.6,"Jul 05, 2016",8523.75
"Jul 01, 2016",3271,1336.7,19.54,67.19,333.15,199.2,8486.72,8469.500384,8469.85,"Jul 04, 2016",8518
"Jun 30, 2016",3304,1318.4,18.58,67.5,327,197.3,8474.75,8453.706173,8416.2,"Jul 01, 2016",8442.8
"Jun 29, 2016",3336,1323.9,18.36,67.42,325.4,193.4,8442.97,8337.12345,8326.7,"Jun 30, 2016",8381.95
"Jun 28, 2016",3226,1315.3,18.07,67.72,325,195.4,8395.56,8217.601277,8248.45,"Jun 29, 2016",8293.05
"Jun 27, 2016",3136,1322.5,17.74,67.91,317.9,184.1,8334.29,8227.681923,8210.25,"Jun 28, 2016",8215.6
"Jun 24, 2016",3266,1320,17.79,67.89,317.3,181.5,8278.89,8270.517703,8192.85,"Jun 27, 2016",8148.6
"Jun 23, 2016",3355,1261.2,17.64,67.28,321.4,182.1,8268.92,8291.675647,8366.35,"Jun 24, 2016",8130.95
"Jun 22, 2016",3294,1268,17.31,67.45,317.55,181.9,8265.07,8298.27285,8307.45,"Jun 23, 2016",8306.6
"Jun 21, 2016",3353,1270.5,17.56,67.62,317.65,187.1,8279.61,8336.868532,8321.15,"Jun 22, 2016",8316.25
"Jun 20, 2016",3313,1290,17.5,67.55,312.65,185.8,8304.42,8294.14672,8334.3,"Jun 21, 2016",8351.65
"Jun 17, 2016",3190,1292.5,17.4,67.07,305,175.6,8319.63,8288.1712,8268.9,"Jun 20, 2016",8214.45
"Jun 16, 2016",3133,1296.1,17.59,67.32,305.35,174.8,8295.09,8257.990698,8243.65,"Jun 17, 2016",8280.55
"Jun 15, 2016",3238,1285.8,17.49,67.08,310.8,175.1,8293.89,8270.210418,8301.45,"Jun 16, 2016",8279.1
"Jun 14, 2016",3257,1285.6,17.7,67.29,304.85,175.4,8271.4,8238.79199,8208.7,"Jun 15, 2016",8239.3
"Jun 13, 2016",3275,1284.4,17.72,67.19,305.7,174.4,8246.03,8196.712864,8207.45,"Jun 14, 2016",8230.45
"Jun 10, 2016",3298,1273.4,17.56,66.95,301.35,172,8245.74,8276.558186,8267.45,"Jun 13, 2016",8199.95
"Jun 09, 2016",3373,1270.2,17.25,66.75,301.7,175,8257.59,8305.676541,8302.9,"Jun 10, 2016",8285.1
"Jun 08, 2016",3396,1259.8,16.97,66.5,304.15,164,8270.55,8334.623936,8366.25,"Jun 09, 2016",8369.65
"Jun 07, 2016",3345,1244.4,16.66,66.66,303.35,165.1,8299.65,8338.203766,8354.2,"Jun 08, 2016",8373.35
"Jun 06, 2016",3305,1244.6,16.71,66.79,313.6,163.7,8316.65,8309.975694,8292.45,"Jun 07, 2016",8327.1
"Jun 03, 2016",3253,1240.1,16.35,67,313.6,162,8326.44,8313.406727,8316.4,"Jun 06, 2016",8323.5
"Jun 02, 2016",3314,1209.8,16.01,67.27,309,162.9,8328.74,8347.489878,8314.4,"Jun 03, 2016",8342.55
"Jun 01, 2016",3308,1211.9,15.91,67.43,310.45,161.3,8310.01,8266.529986,8272.6,"Jun 02, 2016",8252.55
"May 31, 2016",3333,1214.8,15.97,67.21,312.5,155,8290.13,8261.756599,8254.8,"Jun 01, 2016",8275.05
"May 30, 2016",3386,1212.15,16.04,67.17,312.5,145.9,8286.86,8229.06294,8276.1,"May 31, 2016",8305.45
"May 27, 2016",3310,1213.8,16.25,67.03,314.3,147,8273.96,8228.296905,8251.9,"May 30, 2016",8265.15
"May 26, 2016",3327,1220.1,16.34,66.93,313.1,144.8,8242.89,8228.803569,8159.05,"May 27, 2016",8173.5
"May 25, 2016",3328,1223.5,16.26,67.27,315.05,133.2,8194.34,7915.082846,8029.85,"May 26, 2016",8066.5
"May 24, 2016",3309,1228.9,16.24,67.63,311.45,134.8,8114.78,7888.933901,7857,"May 25, 2016",7919.6
"May 23, 2016",3251,1251.1,16.41,67.41,309.35,139.3,8028.48,7842.705194,7844.6,"May 24, 2016",7852.35
"May 20, 2016",3281,1252.4,16.5,67.41,308.4,138.7,7950.77,7922.009034,7863.35,"May 23, 2016",7924.85
"May 19, 2016",3219,1254.2,16.48,67.44,310.7,138.3,7899,7926.269025,7900.2,"May 20, 2016",7911.5
"May 18, 2016",3268,1273.7,17.12,67.14,311.1,134.5,7890.84,7984.910218,7989.05,"May 19, 2016",7994.8
"May 17, 2016",3208,1276.2,17.24,66.83,311.3,137.4,7920.74,7976.83781,8006.5,"May 18, 2016",7965.25
"May 16, 2016",3179,1273.4,17.14,66.84,311.65,136.1,7947.81,7979.893371,7979.95,"May 17, 2016",8016
"May 13, 2016",3097,1271.9,17.12,66.86,309.85,141.4,7963.44,7987.418999,7941.5,"May 16, 2016",7958.75
"May 12, 2016",3096,1270.3,17.09,66.76,308.45,143.9,7988.68,8014.339602,8026.4,"May 13, 2016",8008.3
"May 11, 2016",3080,1274.6,17.3,66.56,312.45,144.7,7984.78,7960.930874,7969.55,"May 12, 2016",7992.6
"May 10, 2016",2968,1263.9,17.08,66.63,311.9,144.4,7983.87,8020.835846,8001.95,"May 11, 2016",7918.65
"May 09, 2016",2911,1265.6,17.07,66.75,313.15,140.8,7984.44,7935.185546,7982.8,"May 10, 2016",7990.65
"May 06, 2016",2977,1292.9,17.51,66.6,320.15,139.9,7968.03,7897.270982,7859.45,"May 09, 2016",7882.7
"May 05, 2016",2949,1271.4,17.3,66.56,318.9,138.7,7933.7,7854.276752,7854.75,"May 06, 2016",7839.85
"May 04, 2016",2901,1273.3,17.28,66.63,325.35,143.5,7905.42,7892.005728,7828.15,"May 05, 2016",7852.1
"May 03, 2016",2912,1290.7,17.47,66.56,329.3,139.1,7881.48,7869.571368,7882.25,"May 04, 2016",7858
"May 02, 2016",2987,1294.7,17.66,66.35,335.95,137.8,7873.97,7965.157434,7945.25,"May 03, 2016",7965.9
"Apr 29, 2016",3035,1289.2,17.79,66.43,334.2,143.8,7894.81,7943.093712,7963.65,"May 02, 2016",7939.9
"Apr 28, 2016",3064,1265.5,17.55,66.4,325.6,139.3,7915.1,7905.671758,7956.2,"Apr 29, 2016",7954.75
"Apr 27, 2016",2985,1249.2,17.34,66.36,326.3,143.7,7966.42,8039.483935,8084.75,"Apr 28, 2016",8075.5
"Apr 26, 2016",2937,1242.2,17.16,66.4,329.05,133.8,8003.22,8039.944643,8066.25,"Apr 27, 2016",8048.75
"Apr 25, 2016",2878,1238.9,17.06,66.69,331.95,137.8,8007.45,8002.694505,7966.4,"Apr 26, 2016",7942.05
"Apr 22, 2016",2936,1228.7,17.18,66.66,334.5,142.6,8017.15,8004.321423,8012.15,"Apr 25, 2016",8007.4
"Apr 21, 2016",2903,1249,17.37,66.49,330.55,138.3,8030.16,8064.355494,8021.25,"Apr 22, 2016",8003.3
"Apr 20, 2016",2919,1253.2,17.13,66.17,327.4,138.4,8018,7947.826837,8023.95,"Apr 21, 2016",8063.2
"Apr 18, 2016",2655,1233.6,16.25,66.42,318.8,129.1,8009.21,8062.830205,8022.3,"Apr 20, 2016",8056.85
"Apr 13, 2016",2793,1246.8,16.32,66.5,319.45,135.9,8006.85,7875.59141,7954.6,"Apr 18, 2016",8004.9
"Apr 12, 2016",2782,1259.4,16.22,66.28,315.15,131.5,7968.3,7853.679323,7819.4,"Apr 13, 2016",7887.35
"Apr 11, 2016",2666,1256.7,15.97,66.29,307.25,127.7,7919.77,7858.922225,7778.6,"Apr 12, 2016",7779.4
"Apr 08, 2016",2625,1242.5,15.38,66.55,308.2,133.9,7848.66,7683.452993,7668.4,"Apr 11, 2016",7689.85
"Apr 07, 2016",2478,1236.2,15.16,66.76,306.75,134,7775.22,7689.91053,7655.1,"Apr 08, 2016",7650.95
"Apr 06, 2016",2515,1222.5,15.05,66.52,316.15,127.7,7727.99,7756.764557,7718.45,"Apr 07, 2016",7736.1
"Apr 05, 2016",2380,1228.4,15.12,66.42,315.05,129.9,7704.45,7741.438859,7701.7,"Apr 06, 2016",7732.1
"Apr 04, 2016",2400,1218,14.94,66.11,314.25,133.9,7719.35,7725.183061,7853.1,"Apr 05, 2016",7830.05
"Apr 01, 2016",2463,1222.2,15.05,66.37,318.55,129.7,7747.81,7811.725248,7810.7,"Apr 04, 2016",7833.2
"Mar 31, 2016",2572,1234.2,15.46,66.26,321.25,129.9,7783.22,7841.334692,7832.15,"Apr 01, 2016",7812.35
"Mar 30, 2016",2549,1226.9,15.21,66.38,321.95,132.8,7804.11,7762.645321,7822.9,"Mar 31, 2016",7818.55
"Mar 29, 2016",2562,1235.6,15.24,66.38,326.5,132.1,7800.98,7741.892796,7686.05,"Mar 30, 2016",7739.05
"Mar 28, 2016",2633,1219.9,15.19,66.61,332.1,122.2,7770.74,7696.101943,7701.9,"Mar 29, 2016",7692.8
"Mar 23, 2016",2699,1223.7,15.26,66.93,333.35,121.9,7769.86,7748.981915,7806.3,"Mar 28, 2016",7829.75
"Mar 22, 2016",2770,1248.2,15.88,66.76,339.15,123.2,7764.05,7828.219942,7803.1,"Mar 23, 2016",7806.2
"Mar 21, 2016",2773,1243.8,15.84,66.5,339.45,123.2,7757.32,7705.259327,7789.25,"Mar 22, 2016",7784.3
"Mar 18, 2016",2648,1253.8,15.81,66.38,337.55,127.3,7757.43,7705.251892,7686.6,"Mar 21, 2016",7703.05
"Mar 17, 2016",2654,1264.5,16.02,66.62,338.6,127.3,7737.4,7699.286924,7601.75,"Mar 18, 2016",7622.45
"Mar 16, 2016",2548,1229.3,15.21,67.17,334.6,125.9,7692.22,7587.053031,7580.4,"Mar 17, 2016",7640.8
"Mar 15, 2016",2457,1230.4,15.26,67.37,336.05,125.3,7642.17,7595.275294,7552.85,"Mar 16, 2016",7548.6
"Mar 14, 2016",2500,1244.4,15.52,67.14,335.05,122.9,7610.52,7602.07253,7631,"Mar 15, 2016",7629.45
"Mar 11, 2016",2595,1258.7,15.61,66.92,334.5,123.3,7593.82,7591.252481,7603.1,"Mar 14, 2016",7637.55
"Mar 10, 2016",2553,1272,15.55,67.3,332.9,119.7,7589.28,7570.746664,7579.05,"Mar 11, 2016",7577.3
"Mar 09, 2016",2546,1256.6,15.36,67.13,334.6,119.7,7597.78,7602.14329,7622.9,"Mar 10, 2016",7637.3
"Mar 08, 2016",2475,1262.1,15.38,67.31,333.85,115.3,7603.28,7566.102542,7580.35,"Mar 09, 2016",7533.5
"Mar 04, 2016",2405,1269.9,15.68,66.94,339.2,112,7592.79,7532.692151,7578.55,"Mar 08, 2016",7579.65
"Mar 03, 2016",2337,1257.4,15.13,67.12,331.15,111.7,7584.21,7546.857884,7560.2,"Mar 04, 2016",7589.2
"Mar 02, 2016",2341,1241.1,15,67.4,328.3,115.3,7560.57,7555.054133,7460.85,"Mar 03, 2016",7519.3
"Mar 01, 2016",2343,1230.3,14.73,67.75,324.25,118.6,7500.15,7173.892195,7320.8,"Mar 02, 2016",7416.95
"Feb 29, 2016",2321,1233.9,14.9,68.21,321.65,118.1,7400.87,7089.473857,7083.95,"Mar 01, 2016",7132.05
"Feb 26, 2016",2316,1219.8,14.69,68.74,321.7,121.6,7308.62,7092.267728,7117.3,"Feb 29, 2016",7138.15
"Feb 25, 2016",2202,1238.2,15.17,68.77,315,124.4,7208.35,7161.59086,7058.85,"Feb 26, 2016",7128.5
"Feb 24, 2016",2220,1238.7,15.3,68.43,318.1,123,7137.24,7168.97536,7105.3,"Feb 25, 2016",7117.5
"Feb 23, 2016",2200,1222.3,15.24,68.56,319.2,122.7,7112.57,7229.883689,7197.45,"Feb 24, 2016",7164.05
"Feb 22, 2016",2329,1209.5,15.18,68.53,320.8,124.6,7159.2,7280.831906,7317.1,"Feb 23, 2016",7324.9
"Feb 19, 2016",2029,1230.4,15.37,68.55,316.05,123.8,7193.44,7303.679692,7288.5,"Feb 22, 2016",7292.35
"Feb 18, 2016",2125,1226.1,15.43,68.54,314.8,128,7235.99,7219.761283,7271.6,"Feb 19, 2016",7251.55
"Feb 17, 2016",2114,1211.1,15.55,68.33,313.7,132.5,7253.81,7234.89343,7194.4,"Feb 18, 2016",7264.45
"Feb 16, 2016",1992,1207.9,15.33,68.47,310.95,129.7,7242.08,7126.024492,7138.8,"Feb 17, 2016",7149.05
"Feb 15, 2016",2037,1208.1,15.34,68.13,310.25,131.2,7231.9,7146.26979,7266.2,"Feb 16, 2016",7301.55
"Feb 12, 2016",2006,1239.1,15.79,68.12,306.5,133.9,7188.8,7128.405351,7073,"Feb 15, 2016",7155.45
"Feb 11, 2016",1844,1247.9,15.79,68.47,304.75,136.6,7148.25,7196.545656,7068.85,"Feb 12, 2016",7117.3
"Feb 10, 2016",1899,1194.7,15.28,67.86,304.15,138.5,7171.28,7259.154711,7309.55,"Feb 11, 2016",7296.25
"Feb 09, 2016",1939,1198.7,15.44,67.9,306.4,144.4,7222.67,7472.480085,7395.75,"Feb 10, 2016",7364.05
"Feb 08, 2016",2048,1197.9,15.42,68.03,315.1,145.9,7269,7481.873366,7497.85,"Feb 09, 2016",7416.55
"Feb 05, 2016",2157,1157.8,14.76,67.81,316.1,139.5,7371.94,7551.37333,7587.7,"Feb 08, 2016",7591.95
"Feb 04, 2016",2181,1157.6,14.84,67.54,319.2,133.1,7455.72,7504.121316,7487.75,"Feb 05, 2016",7504.85
"Feb 03, 2016",2170,1141.3,14.72,67.93,315.7,139,7484.22,7411.251903,7452.05,"Feb 04, 2016",7507.05
"Feb 02, 2016",2069,1127.3,14.28,67.98,309.95,136.6,7514.62,7616.178912,7547.75,"Feb 03, 2016",7482.5
"Feb 01, 2016",2153,1127.9,14.33,67.84,310.15,145.9,7546.59,7608.220971,7657.7,"Feb 02, 2016",7669.6
"Jan 29, 2016",2286,1116.4,14.23,67.88,311.6,155.9,7560.98,7628.078001,7659.65,"Feb 01, 2016",7688.35
"Jan 28, 2016",2287,1115.6,14.22,68.05,310.1,149.1,7567.22,7552.333529,7518.95,"Jan 29, 2016",7512.4
"Jan 27, 2016",2202,1116.1,14.46,68.14,312.25,147.6,7583.84,7514.388587,7535.15,"Jan 28, 2016",7523.3
"Jan 25, 2016",2100,1106.2,14.24,67.76,300.85,144.4,7580.89,7539.651321,7533,"Jan 27, 2016",7566.05
"Jan 22, 2016",2158,1097.2,14.04,67.55,301.25,145.4,7553.39,7444.316456,7520.2,"Jan 25, 2016",7569.55
"Jan 21, 2016",2055,1099.1,14.09,67.8,301.75,145.6,7495.49,7447.56107,7370.15,"Jan 22, 2016",7451.65
"Jan 20, 2016",1919,1107.1,14.16,67.96,297.35,142.4,7474.25,7414.084036,7412.75,"Jan 21, 2016",7482.5
"Jan 19, 2016",1950,1089.9,14.11,67.73,298.75,142.6,7475.75,7533.137116,7542.65,"Jan 20, 2016",7465.1
"Jan 18, 2016",1962,1088.5,13.9,67.66,296.6,144.8,7460.31,7563.839092,7455.8,"Jan 19, 2016",7485.75
"Jan 15, 2016",1996,1091.5,13.9,67.78,294.65,142.9,7468.69,7528.621762,7562.1,"Jan 18, 2016",7546.6
"Jan 14, 2016",2113,1073.9,13.75,67.32,297.25,144.6,7530.56,7716.439352,7679.5,"Jan 15, 2016",7705.55
"Jan 13, 2016",2051,1087.5,14.15,66.92,291.9,152.8,7590.5,7674.325699,7712.45,"Jan 14, 2016",7615.9
"Jan 12, 2016",2030,1085.6,13.74,66.95,292.7,153.4,7616.51,7599.324095,7672.7,"Jan 13, 2016",7720.85
"Jan 11, 2016",2089,1096.5,13.86,66.76,293.8,159.3,7670.55,7840.985178,7726,"Jan 12, 2016",7749.8
"Jan 08, 2016",2244,1097.8,13.91,66.85,301.4,163.5,7712.64,7758.776245,7772.55,"Jan 11, 2016",7702.05
"Jan 07, 2016",2254,1107.7,14.34,66.89,300.8,160.9,7723.07,7863.941881,7731.65,"Jan 08, 2016",7776.15
"Jan 06, 2016",2291,1091.9,13.96,66.7,311.1,151.9,7764.33,7831.543769,7918.75,"Jan 07, 2016",7849.4
"Jan 05, 2016",2407,1078.4,14.24,66.48,311,151.5,7821.76,7914.082706,7959.85,"Jan 06, 2016",7964.1
"Jan 04, 2016",2465,1075.1,13.82,66.58,309.8,157,7868.14,7857.370222,7957.9,"Jan 05, 2016",7994.4
